{
  "v": "5.7.4",
  "meta": {
    "g": "LottieFiles AE 0.1.20",
    "a": "Corpease",
    "k": "Empty Cart Animation",
    "d": "Animation for empty cart state in Corpease app",
    "tc": "#000000"
  },
  "fr": 60,
  "ip": 0,
  "op": 150,
  "w": 200,
  "h": 200,
  "nm": "Empty Cart",
  "ddd": 0,
  "assets": [],
  "layers": [
    {
      "ddd": 0,
      "ind": 1,
      "ty": 4,
      "nm": "Cart Shape",
      "sr": 1,
      "ks": {
        "o": {
          "a": 1,
          "k": [
            {
              "i": {
                "x": [0.833],
                "y": [0.833]
              },
              "o": {
                "x": [0.167],
                "y": [0.167]
              },
              "t": 0,
              "s": [0]
            },
            {
              "i": {
                "x": [0.833],
                "y": [0.833]
              },
              "o": {
                "x": [0.167],
                "y": [0.167]
              },
              "t": 30,
              "s": [100]
            },
            {
              "t": 120,
              "s": [100]
            }
          ],
          "ix": 11
        },
        "r": {
          "a": 0,
          "k": 0,
          "ix": 10
        },
        "p": {
          "a": 0,
          "k": [100, 100],
          "ix": 2
        },
        "a": {
          "a": 0,
          "k": [0, 0],
          "ix": 1
        },
        "s": {
          "a": 0,
          "k": [100, 100],
          "ix": 6
        }
      },
      "ao": 0,
      "shapes": [
        {
          "ty": "gr",
          "it": [
            {
              "ind": 0,
              "ty": "sh",
              "ix": 1,
              "ks": {
                "a": 0,
                "k": {
                  "i": [[-20,-20],[20,-20],[20,20],[-20,20]],
                  "o": [[20,-20],[-20,-20],[-20,20],[20,20]],
                  "v": [[0,-40],[40,0],[0,40],[-40,0]],
                  "c": true
                },
                "ix": 2
              },
              "nm": "Cart Body",
              "mn": "ADBE Vector Shape - Group",
              "hd": false
            },
            {
              "ind": 1,
              "ty": "sh",
              "ix": 2,
              "ks": {
                "a": 0,
                "k": {
                  "i": [[-10,0],[10,0],[0,30]],
                  "o": [[10,0],[-10,0],[0,-30]],
                  "v": [[-30,-40],[-10,-40],[-20,-10]],
                  "c": false
                },
                "ix": 2
              },
              "nm": "Cart Handle",
              "mn": "ADBE Vector Shape - Group",
              "hd": false
            },
            {
              "ty": "st",
              "c": {
                "a": 0,
                "k": [0.4, 0.4, 0.4, 1],
                "ix": 3
              },
              "o": {
                "a": 0,
                "k": 100,
                "ix": 4
              },
              "w": {
                "a": 0,
                "k": 3,
                "ix": 5
              },
              "lc": 1,
              "lj": 1,
              "ml": 4,
              "bm": 0,
              "nm": "Stroke",
              "mn": "ADBE Vector Graphic - Stroke",
              "hd": false
            },
            {
              "ty": "tr",
              "p": {
                "a": 0,
                "k": [0, 0],
                "ix": 2
              },
              "a": {
                "a": 0,
                "k": [0, 0],
                "ix": 1
              },
              "s": {
                "a": 0,
                "k": [100, 100],
                "ix": 3
              },
              "r": {
                "a": 0,
                "k": 0,
                "ix": 6
              },
              "o": {
                "a": 0,
                "k": 100,
                "ix": 7
              },
              "sk": {
                "a": 0,
                "k": 0,
                "ix": 4
              },
              "sa": {
                "a": 0,
                "k": 0,
                "ix": 5
              },
              "nm": "Transform"
            }
          ],
          "nm": "Cart",
          "np": 4,
          "cix": 2,
          "bm": 0,
          "ix": 1,
          "mn": "ADBE Vector Group",
          "hd": false
        }
      ],
      "ip": 0,
      "op": 150,
      "st": 0,
      "bm": 0
    }
  ],
  "markers": []
}
