{
  "v": "5.7.4",
  "meta": {
    "g": "LottieFiles AE 0.1.20",
    "a": "Corpease",
    "k": "Success Check Animation",
    "d": "Generic success checkmark animation for Corpease app",
    "tc": "#000000"
  },
  "fr": 60,
  "ip": 0,
  "op": 90,
  "w": 200,
  "h": 200,
  "nm": "Success Check",
  "ddd": 0,
  "assets": [],
  "layers": [
    {
      "ddd": 0,
      "ind": 1,
      "ty": 4,
      "nm": "Circle Background",
      "sr": 1,
      "ks": {
        "o": {
          "a": 0,
          "k": 100,
          "ix": 11
        },
        "r": {
          "a": 0,
          "k": 0,
          "ix": 10
        },
        "p": {
          "a": 0,
          "k": [100, 100],
          "ix": 2
        },
        "a": {
          "a": 0,
          "k": [0, 0],
          "ix": 1
        },
        "s": {
          "a": 1,
          "k": [
            {
              "i": {
                "x": [0.833, 0.833, 0.833],
                "y": [0.833, 0.833, 0.833]
              },
              "o": {
                "x": [0.167, 0.167, 0.167],
                "y": [0.167, 0.167, 0.167]
              },
              "t": 0,
              "s": [0, 0]
            },
            {
              "i": {
                "x": [0.833, 0.833, 0.833],
                "y": [0.833, 0.833, 0.833]
              },
              "o": {
                "x": [0.167, 0.167, 0.167],
                "y": [0.167, 0.167, 0.167]
              },
              "t": 15,
              "s": [120, 120]
            },
            {
              "t": 45,
              "s": [100, 100]
            }
          ],
          "ix": 6
        }
      },
      "ao": 0,
      "shapes": [
        {
          "ty": "gr",
          "it": [
            {
              "ind": 0,
              "ty": "sh",
              "ix": 1,
              "ks": {
                "a": 0,
                "k": {
                  "i": [[0,0],[0,0],[0,0],[0,0]],
                  "o": [[0,0],[0,0],[0,0],[0,0]],
                  "v": [[-60,0],[-60,-60],[0,-60],[0,60]],
                  "c": true
                },
                "ix": 2
              },
              "nm": "Circle Path",
              "mn": "ADBE Vector Shape - Group",
              "hd": false
            },
            {
              "ty": "st",
              "c": {
                "a": 0,
                "k": [0.109803921569, 0.78431372549, 0.325490196078, 1],
                "ix": 3
              },
              "o": {
                "a": 0,
                "k": 100,
                "ix": 4
              },
              "w": {
                "a": 0,
                "k": 6,
                "ix": 5
              },
              "lc": 1,
              "lj": 1,
              "ml": 4,
              "bm": 0,
              "nm": "Stroke",
              "mn": "ADBE Vector Graphic - Stroke",
              "hd": false
            },
            {
              "ty": "tr",
              "p": {
                "a": 0,
                "k": [0, 0],
                "ix": 2
              },
              "a": {
                "a": 0,
                "k": [0, 0],
                "ix": 1
              },
              "s": {
                "a": 0,
                "k": [100, 100],
                "ix": 3
              },
              "r": {
                "a": 0,
                "k": 0,
                "ix": 6
              },
              "o": {
                "a": 0,
                "k": 100,
                "ix": 7
              },
              "sk": {
                "a": 0,
                "k": 0,
                "ix": 4
              },
              "sa": {
                "a": 0,
                "k": 0,
                "ix": 5
              },
              "nm": "Transform"
            }
          ],
          "nm": "Circle",
          "np": 3,
          "cix": 2,
          "bm": 0,
          "ix": 1,
          "mn": "ADBE Vector Group",
          "hd": false
        }
      ],
      "ip": 0,
      "op": 90,
      "st": 0,
      "bm": 0
    },
    {
      "ddd": 0,
      "ind": 2,
      "ty": 4,
      "nm": "Checkmark",
      "sr": 1,
      "ks": {
        "o": {
          "a": 0,
          "k": 100,
          "ix": 11
        },
        "r": {
          "a": 0,
          "k": 0,
          "ix": 10
        },
        "p": {
          "a": 0,
          "k": [100, 100],
          "ix": 2
        },
        "a": {
          "a": 0,
          "k": [0, 0],
          "ix": 1
        },
        "s": {
          "a": 0,
          "k": [100, 100],
          "ix": 6
        }
      },
      "ao": 0,
      "shapes": [
        {
          "ty": "gr",
          "it": [
            {
              "ind": 0,
              "ty": "sh",
              "ix": 1,
              "ks": {
                "a": 0,
                "k": {
                  "i": [[0,0],[0,0]],
                  "o": [[0,0],[0,0]],
                  "v": [[-30,-60],[30,-60]],
                  "c": false
                },
                "ix": 2
              },
              "nm": "Check Path 1",
              "mn": "ADBE Vector Shape - Group",
              "hd": false
            },
            {
              "ind": 1,
              "ty": "sh",
              "ix": 2,
              "ks": {
                "a": 0,
                "k": {
                  "i": [[0,0],[0,0],[0,0]],
                  "o": [[0,0],[0,0],[0,0]],
                  "v": [[-30,-60],[-30,60],[30,0]],
                  "c": false
                },
                "ix": 2
              },
              "nm": "Check Path 2",
              "mn": "ADBE Vector Shape - Group",
              "hd": false
            },
            {
              "ty": "st",
              "c": {
                "a": 0,
                "k": [0.109803921569, 0.78431372549, 0.325490196078, 1],
                "ix": 3
              },
              "o": {
                "a": 0,
                "k": 100,
                "ix": 4
              },
              "w": {
                "a": 0,
                "k": 6,
                "ix": 5
              },
              "lc": 1,
              "lj": 1,
              "ml": 4,
              "bm": 0,
              "nm": "Stroke",
              "mn": "ADBE Vector Graphic - Stroke",
              "hd": false
            },
            {
              "ty": "tr",
              "p": {
                "a": 0,
                "k": [0, 0],
                "ix": 2
              },
              "a": {
                "a": 0,
                "k": [0, 0],
                "ix": 1
              },
              "s": {
                "a": 0,
                "k": [100, 100],
                "ix": 3
              },
              "r": {
                "a": 0,
                "k": 0,
                "ix": 6
              },
              "o": {
                "a": 0,
                "k": 100,
                "ix": 7
              },
              "sk": {
                "a": 0,
                "k": 0,
                "ix": 4
              },
              "sa": {
                "a": 0,
                "k": 0,
                "ix": 5
              },
              "nm": "Transform"
            }
          ],
          "nm": "Checkmark",
          "np": 4,
          "cix": 2,
          "bm": 0,
          "ix": 1,
          "mn": "ADBE Vector Group",
          "hd": false
        }
      ],
      "ip": 30,
      "op": 90,
      "st": 30,
      "bm": 0
    }
  ],
  "markers": []
}
